Date,"Apple Inc."
2015-07-01,11551
2015-07-02,12192
2015-07-03,10946
2015-07-04,9718
2015-07-05,10826
2015-07-06,11711
2015-07-07,13505
2015-07-08,14554
2015-07-09,13725
2015-07-10,12394
2015-07-11,10612
2015-07-12,11718
2015-07-13,12479
2015-07-14,11447
2015-07-15,10436
2015-07-16,10174
2015-07-17,9553
2015-07-18,8380
2015-07-19,9053
2015-07-20,11562
2015-07-21,12601
2015-07-22,14158
2015-07-23,11720
2015-07-24,10423
2015-07-25,8847
2015-07-26,10143
2015-07-27,10768
2015-07-28,10424
2015-07-29,17946
2015-07-30,10358
2015-07-31,9702
2015-08-01,8582
2015-08-02,8606
2015-08-03,9117
2015-08-04,10643
2015-08-05,10773
2015-08-06,10605
2015-08-07,9945
2015-08-08,8471
2015-08-09,9310
2015-08-10,11423
2015-08-11,13982
2015-08-12,12397
2015-08-13,11585
2015-08-14,10346
2015-08-15,9086
2015-08-16,10693
2015-08-17,11900
2015-08-18,11848
2015-08-19,11008
2015-08-20,11425
2015-08-21,10455
2015-08-22,8969
2015-08-23,9896
2015-08-24,11587
2015-08-25,12128
2015-08-26,12134
2015-08-27,11308
2015-08-28,10691
2015-08-29,8632
2015-08-30,10543
2015-08-31,12582
2015-09-01,12795
2015-09-02,13353
2015-09-03,12346
2015-09-04,11848
2015-09-05,10306
2015-09-06,11500
2015-09-07,14062
2015-09-08,15472
2015-09-09,23642
2015-09-10,23704
2015-09-11,18075
2015-09-12,17900
2015-09-13,15357
2015-09-14,17669
2015-09-15,17392
2015-09-16,17715
2015-09-17,16648
2015-09-18,14835
2015-09-19,11371
2015-09-20,13078
2015-09-21,16350
2015-09-22,16818
2015-09-23,14855
2015-09-24,14405
2015-09-25,14366
2015-09-26,12168
2015-09-27,14647
2015-09-28,17979
2015-09-29,16933
2015-09-30,15986
2015-10-01,14811
2015-10-02,13771
2015-10-03,11941
2015-10-04,12754
2015-10-05,17060
2015-10-06,16811
2015-10-07,16383
2015-10-08,15736
2015-10-09,14509
2015-10-10,15472
2015-10-11,12589
2015-10-12,16101
2015-10-13,16195
2015-10-14,14917
2015-10-15,15252
2015-10-16,14043
2015-10-17,12207
2015-10-18,12730
2015-10-19,20719
2015-10-20,15293
2015-10-21,14257
2015-10-22,14495
2015-10-23,14231
2015-10-24,11895
2015-10-25,13234
2015-10-26,14500
2015-10-27,15096
2015-10-28,17414
2015-10-29,14978
2015-10-30,13012
2015-10-31,10711
2015-11-01,13285
2015-11-02,15014
2015-11-03,14990
2015-11-04,14564
2015-11-05,14733
2015-11-06,13711
2015-11-07,11269
2015-11-08,11790
2015-11-09,13874
2015-11-10,13925
2015-11-11,13929
2015-11-12,14040
2015-11-13,12420
2015-11-14,10369
2015-11-15,12087
2015-11-16,13661
2015-11-17,14263
2015-11-18,13797
2015-11-19,13947
2015-11-20,12219
2015-11-21,10298
2015-11-22,11362
2015-11-23,13641
2015-11-24,12629
2015-11-25,11684
2015-11-26,11219
2015-11-27,10072
2015-11-28,9465
2015-11-29,11622
2015-11-30,13725
2015-12-01,14012
2015-12-02,14700
2015-12-03,14169
2015-12-04,15372
2015-12-05,10236
2015-12-06,11639
2015-12-07,13315
2015-12-08,14026
2015-12-09,13735
2015-12-10,13305
2015-12-11,12241
2015-12-12,10031
2015-12-13,10960
2015-12-14,12766
2015-12-15,12165
2015-12-16,11669
2015-12-17,11992
2015-12-18,10659
2015-12-19,9003
2015-12-20,9231
2015-12-21,14935
2015-12-22,11425
2015-12-23,10142
2015-12-24,9426
2015-12-25,8962
2015-12-26,10131
2015-12-27,10467
2015-12-28,10915
2015-12-29,11920
2015-12-30,11370
2015-12-31,9717
2016-01-01,9195
2016-01-02,11263
2016-01-03,12342
2016-01-04,17188
2016-01-05,13686
2016-01-06,13276
2016-01-07,13825
2016-01-08,12831
2016-01-09,11192
2016-01-10,13058
2016-01-11,14118
2016-01-12,13215
2016-01-13,12876
2016-01-14,13055
2016-01-15,12025
2016-01-16,10656
2016-01-17,11151
2016-01-18,12684
2016-01-19,14409
2016-01-20,13187
2016-01-21,13383
2016-01-22,12632
2016-01-23,10681
2016-01-24,11338
2016-01-25,12960
2016-01-26,14250
2016-01-27,16414
2016-01-28,14637
2016-01-29,13126
2016-01-30,10438
2016-01-31,11295
2016-02-01,16438
2016-02-02,15982
2016-02-03,14749
2016-02-04,14499
2016-02-05,13370
2016-02-06,11996
2016-02-07,13211
2016-02-08,14195
2016-02-09,13723
2016-02-10,12712
2016-02-11,12668
2016-02-12,11488
2016-02-13,10178
2016-02-14,10490
2016-02-15,12843
2016-02-16,14085
2016-02-17,15771
2016-02-18,15897
2016-02-19,14099
2016-02-20,12966
2016-02-21,13679
2016-02-22,16846
2016-02-23,16103
2016-02-24,15661
2016-02-25,16154
2016-02-26,14063
2016-02-27,11593
2016-02-28,13289
2016-02-29,14316
2016-03-01,14512
2016-03-02,13752
2016-03-03,13395
2016-03-04,11892
2016-03-05,10421
2016-03-06,11112
2016-03-07,13516
2016-03-08,13517
2016-03-09,12804
2016-03-10,13132
2016-03-11,11726
2016-03-12,10143
2016-03-13,11202
2016-03-14,12999
2016-03-15,12658
2016-03-16,13278
2016-03-17,13327
2016-03-18,12332
2016-03-19,9917
2016-03-20,10947
2016-03-21,17108
2016-03-22,15535
2016-03-23,12650
2016-03-24,11806
2016-03-25,10450
2016-03-26,9667
2016-03-27,10879
2016-03-28,11930
2016-03-29,13776
2016-03-30,12885
2016-03-31,12688
2016-04-01,27033
2016-04-02,12437
2016-04-03,11511
2016-04-04,13465
2016-04-05,12785
2016-04-06,14045
2016-04-07,12586
2016-04-08,11213
2016-04-09,9413
2016-04-10,10562
2016-04-11,13375
2016-04-12,12027
2016-04-13,11907
2016-04-14,11409
2016-04-15,10417
2016-04-16,8515
2016-04-17,9747
2016-04-18,13395
2016-04-19,12854
2016-04-20,12523
2016-04-21,12111
2016-04-22,11857
2016-04-23,9944
2016-04-24,10374
2016-04-25,12422
2016-04-26,13855
2016-04-27,15439
2016-04-28,13968
2016-04-29,11556
2016-04-30,9373
2016-05-01,10209
2016-05-02,11998
2016-05-03,12420
2016-05-04,12109
2016-05-05,12487
2016-05-06,10660
2016-05-07,8790
2016-05-08,8995
2016-05-09,11696
2016-05-10,11956
2016-05-11,11928
2016-05-12,12061
2016-05-13,11460
2016-05-14,9140
2016-05-15,9180
2016-05-16,12705
2016-05-17,13453
2016-05-18,13697
2016-05-19,16583
2016-05-20,13936
2016-05-21,10981
2016-05-22,10629
2016-05-23,12830
2016-05-24,12483
2016-05-25,12058
2016-05-26,11524
2016-05-27,10824
2016-05-28,8718
2016-05-29,8808
2016-05-30,9939
2016-05-31,11005
2016-06-01,10559
2016-06-02,10668
2016-06-03,9755
2016-06-04,8723
2016-06-05,8947
2016-06-06,10950
2016-06-07,10839
2016-06-08,10801
2016-06-09,10473
2016-06-10,9729
2016-06-11,8466
2016-06-12,8644
2016-06-13,12312
2016-06-14,12553
2016-06-15,11642
2016-06-16,10706
2016-06-17,9879
2016-06-18,8595
2016-06-19,9285
2016-06-20,12016
2016-06-21,11343
2016-06-22,10490
2016-06-23,10536
2016-06-24,9256
2016-06-25,8439
2016-06-26,9559
2016-06-27,9901
2016-06-28,10443
2016-06-29,10010
2016-06-30,9674
2016-07-01,9284
2016-07-02,8003
2016-07-03,8376
2016-07-04,9113
2016-07-05,9483
2016-07-06,9124
2016-07-07,8862
2016-07-08,8177
2016-07-09,7554
2016-07-10,7788
2016-07-11,9118
2016-07-12,9999
2016-07-13,9038
2016-07-14,8985
2016-07-15,8132
2016-07-16,7629
2016-07-17,8002
2016-07-18,9325
2016-07-19,9247
2016-07-20,9266
2016-07-21,9880
2016-07-22,8689
2016-07-23,7727
2016-07-24,8382
2016-07-25,9661
2016-07-26,10364
2016-07-27,10782
2016-07-28,10606
2016-07-29,10145
2016-07-30,8777
2016-07-31,9168
2016-08-01,9742
2016-08-02,9663
2016-08-03,9625
2016-08-04,9336
2016-08-05,8889
2016-08-06,7659
2016-08-07,7997
2016-08-08,8848
2016-08-09,9235
2016-08-10,9083
2016-08-11,9285
2016-08-12,8817
2016-08-13,7607
2016-08-14,7789
2016-08-15,9136
2016-08-16,9448
2016-08-17,9456
2016-08-18,9477
2016-08-19,8831
2016-08-20,7741
2016-08-21,8542
2016-08-22,9558
2016-08-23,10560
2016-08-24,10648
2016-08-25,10802
2016-08-26,10408
2016-08-27,8422
2016-08-28,9194
2016-08-29,10723
2016-08-30,23023
2016-08-31,17324
2016-09-01,13514
2016-09-02,12053
2016-09-03,9653
2016-09-04,10529
2016-09-05,11295
2016-09-06,13519
2016-09-07,25154
2016-09-08,25100
2016-09-09,21753
2016-09-10,16086
2016-09-11,16341
2016-09-12,16571
2016-09-13,17188
2016-09-14,16233
2016-09-15,17705
2016-09-16,16738
2016-09-17,16897
2016-09-18,17001
2016-09-19,18330
2016-09-20,19868
2016-09-21,22671
2016-09-22,21822
2016-09-23,13716
2016-09-24,11070
2016-09-25,17863
2016-09-26,16354
2016-09-27,16362
2016-09-28,18090
2016-09-29,17779
2016-09-30,17132
2016-10-01,13573
2016-10-02,14784
2016-10-03,18611
2016-10-04,17367
2016-10-05,15889
2016-10-06,16433
2016-10-07,16040
2016-10-08,12918
2016-10-09,16499
2016-10-10,40474
2016-10-11,43761
2016-10-12,44083
2016-10-13,21684
2016-10-14,14008
2016-10-15,12985
2016-10-16,13313
2016-10-17,14369
2016-10-18,14104
2016-10-19,13939
2016-10-20,14093
2016-10-21,12695
2016-10-22,11295
2016-10-23,12784
2016-10-24,14049
2016-10-25,15200
2016-10-26,15502
2016-10-27,15858
2016-10-28,13296
2016-10-29,10598
2016-10-30,11131
2016-10-31,13096
2016-11-01,13874
2016-11-02,13534
2016-11-03,14182
2016-11-04,13543
2016-11-05,11763
2016-11-06,12972
2016-11-07,13444
2016-11-08,13377
2016-11-09,11890
2016-11-10,12221
2016-11-11,10943
2016-11-12,9662
2016-11-13,10665
2016-11-14,13568
2016-11-15,13302
2016-11-16,14031
2016-11-17,13416
2016-11-18,11882
2016-11-19,10299
2016-11-20,14807
2016-11-21,14695
2016-11-22,14988
2016-11-23,15023
2016-11-24,12145
2016-11-25,12548
2016-11-26,13360
2016-11-27,11960
2016-11-28,13777
2016-11-29,14063
2016-11-30,14743
2016-12-01,14258
2016-12-02,13314
2016-12-03,11010
2016-12-04,12286
2016-12-05,14097
2016-12-06,13708
2016-12-07,14215
2016-12-08,13755
2016-12-09,11654
2016-12-10,9589
2016-12-11,10937
2016-12-12,12846
2016-12-13,13119
2016-12-14,13047
2016-12-15,12521
2016-12-16,10982
2016-12-17,10312
2016-12-18,10189
2016-12-19,11138
2016-12-20,11114
2016-12-21,11003
2016-12-22,14614
2016-12-23,8959
2016-12-24,7750
2016-12-25,8433
2016-12-26,10388
2016-12-27,11381
2016-12-28,11127
2016-12-29,11501
2016-12-30,9806
2016-12-31,8149
2017-01-01,8112
2017-01-02,11006
2017-01-03,12029
2017-01-04,12570
2017-01-05,12288
2017-01-06,12476
2017-01-07,12336
2017-01-08,12315
2017-01-09,14189
2017-01-10,14288
2017-01-11,13558
2017-01-12,13367
2017-01-13,12006
2017-01-14,10103
2017-01-15,10892
2017-01-16,12780
2017-01-17,13151
2017-01-18,12824
2017-01-19,12312
2017-01-20,12303
2017-01-21,9804
2017-01-22,11400
2017-01-23,13565
2017-01-24,13764
2017-01-25,12784
2017-01-26,13065
2017-01-27,11528
2017-01-28,9949
2017-01-29,13183
2017-01-30,15326
2017-01-31,14604
2017-02-01,14821
2017-02-02,14019
2017-02-03,13863
2017-02-04,10596
2017-02-05,12009
2017-02-06,13237
2017-02-07,14217
2017-02-08,14084
2017-02-09,13010
2017-02-10,12376
2017-02-11,10076
2017-02-12,11915
2017-02-13,12930
2017-02-14,12980
2017-02-15,13767
2017-02-16,13778
2017-02-17,13105
2017-02-18,11167
2017-02-19,12246
2017-02-20,12792
2017-02-21,15187
2017-02-22,14349
2017-02-23,14184
2017-02-24,13117
2017-02-25,10598
2017-02-26,11329
2017-02-27,13698
2017-02-28,13708
2017-03-01,12992
2017-03-02,13141
2017-03-03,11878
2017-03-04,9380
2017-03-05,11081
2017-03-06,13862
2017-03-07,13064
2017-03-08,12683
2017-03-09,12692
2017-03-10,10952
2017-03-11,9360
2017-03-12,10811
2017-03-13,12235
2017-03-14,12058
2017-03-15,11875
2017-03-16,11841
2017-03-17,10651
2017-03-18,8816
2017-03-19,9946
2017-03-20,11852
2017-03-21,13394
2017-03-22,12834
2017-03-23,12015
2017-03-24,11302
2017-03-25,9455
2017-03-26,10056
2017-03-27,12118
2017-03-28,12377
2017-03-29,12722
2017-03-30,12590
2017-03-31,11351
2017-04-01,10308
2017-04-02,10253
2017-04-03,12323
2017-04-04,12660
2017-04-05,12034
2017-04-06,11580
2017-04-07,10188
2017-04-08,8532
2017-04-09,10150
2017-04-10,11385
2017-04-11,11203
2017-04-12,11315
2017-04-13,10544
2017-04-14,10106
2017-04-15,8867
2017-04-16,9301
2017-04-17,11208
2017-04-18,11756
2017-04-19,12065
2017-04-20,12261
2017-04-21,12837
2017-04-22,9083
2017-04-23,10400
2017-04-24,12431
2017-04-25,12477
2017-04-26,12111
2017-04-27,11556
2017-04-28,10606
2017-04-29,8801
2017-04-30,9862
2017-05-01,11834
2017-05-02,12499
2017-05-03,13246
2017-05-04,12847
2017-05-05,11283
2017-05-06,9263
2017-05-07,10349
2017-05-08,12416
2017-05-09,13940
2017-05-10,13534
2017-05-11,12305
2017-05-12,11044
2017-05-13,8892
2017-05-14,9571
2017-05-15,11665
2017-05-16,11654
2017-05-17,11655
2017-05-18,11399
2017-05-19,10512
2017-05-20,8679
2017-05-21,9102
2017-05-22,11212
2017-05-23,11250
2017-05-24,10601
2017-05-25,10233
2017-05-26,9113
2017-05-27,7701
2017-05-28,8399
2017-05-29,9511
2017-05-30,10122
2017-05-31,10163
2017-06-01,9649
2017-06-02,9629
2017-06-03,7870
2017-06-04,8323
2017-06-05,11630
2017-06-06,12322
2017-06-07,11576
2017-06-08,10665
2017-06-09,10293
2017-06-10,8143
2017-06-11,8622
2017-06-12,9853
2017-06-13,10347
2017-06-14,10382
2017-06-15,10697
2017-06-16,9917
2017-06-17,8246
2017-06-18,8373
2017-06-19,10097
2017-06-20,10402
2017-06-21,10290
2017-06-22,10299
2017-06-23,9119
2017-06-24,7248
2017-06-25,7672
2017-06-26,9401
2017-06-27,9901
2017-06-28,9954
2017-06-29,12897
2017-06-30,9619
2017-07-01,7404
2017-07-02,7999
2017-07-03,8980
2017-07-04,9059
2017-07-05,9577
2017-07-06,9319
2017-07-07,9206
2017-07-08,8095
2017-07-09,8434
2017-07-10,9584
2017-07-11,10365
2017-07-12,10629
2017-07-13,10747
2017-07-14,9683
2017-07-15,8901
2017-07-16,8978
2017-07-17,10136
2017-07-18,10611
2017-07-19,10914
2017-07-20,10551
2017-07-21,10191
2017-07-22,8125
2017-07-23,9307
2017-07-24,11659
2017-07-25,10887
2017-07-26,10979
2017-07-27,11588
2017-07-28,10712
2017-07-29,8947
2017-07-30,9191
2017-07-31,10041
2017-08-01,10975
2017-08-02,12348
2017-08-03,11153
2017-08-04,9624
2017-08-05,8440
2017-08-06,8922
2017-08-07,9963
2017-08-08,10177
2017-08-09,10482
2017-08-10,10676
2017-08-11,9537
2017-08-12,8009
2017-08-13,8517
2017-08-14,9450
2017-08-15,9749
2017-08-16,9862
2017-08-17,10312
2017-08-18,10224
2017-08-19,8940
2017-08-20,9498
2017-08-21,10295
2017-08-22,10764
2017-08-23,10781
2017-08-24,10843
2017-08-25,10247
2017-08-26,9086
2017-08-27,8686
2017-08-28,10443
2017-08-29,10694
2017-08-30,10615
2017-08-31,10935
2017-09-01,9790
2017-09-02,8906
2017-09-03,9116
2017-09-04,9868
2017-09-05,10579
2017-09-06,11005
2017-09-07,11866
2017-09-08,10444
2017-09-09,8728
2017-09-10,11290
2017-09-11,14129
2017-09-12,33916
2017-09-13,32607
2017-09-14,21026
2017-09-15,16910
2017-09-16,13457
2017-09-17,13908
2017-09-18,15544
2017-09-19,15737
2017-09-20,14953
2017-09-21,14480
2017-09-22,13343
2017-09-23,10973
2017-09-24,11296
2017-09-25,13426
2017-09-26,13719
2017-09-27,13507
2017-09-28,12563
2017-09-29,11300
2017-09-30,9187
2017-10-01,10515
2017-10-02,12324
2017-10-03,12896
2017-10-04,14268
2017-10-05,13433
2017-10-06,11484
2017-10-07,10822
2017-10-08,10771
2017-10-09,13092
2017-10-10,14465
2017-10-11,14688
2017-10-12,12377
2017-10-13,11715
2017-10-14,9834
2017-10-15,10046
2017-10-16,12229
2017-10-17,11698
2017-10-18,11294
2017-10-19,10989
2017-10-20,10082
2017-10-21,8719
2017-10-22,9969
2017-10-23,11894
2017-10-24,12396
2017-10-25,11721
2017-10-26,11832
2017-10-27,11620
2017-10-28,9826
2017-10-29,10641
2017-10-30,12518
2017-10-31,13010
2017-11-01,12314
2017-11-02,12474
2017-11-03,14135
2017-11-04,12062
2017-11-05,12464
2017-11-06,16010
2017-11-07,15435
2017-11-08,14226
2017-11-09,13618
2017-11-10,11779
2017-11-11,10092
2017-11-12,11176
2017-11-13,12737
2017-11-14,13453
2017-11-15,12963
2017-11-16,12352
2017-11-17,11118
2017-11-18,9323
2017-11-19,10455
2017-11-20,11977
2017-11-21,12225
2017-11-22,11532
2017-11-23,10895
2017-11-24,9927
2017-11-25,9528
2017-11-26,10818
2017-11-27,12696
2017-11-28,12838
2017-11-29,12352
2017-11-30,11656
2017-12-01,10163
2017-12-02,8920
2017-12-03,9801
2017-12-04,12854
2017-12-05,13579
2017-12-06,12337
2017-12-07,13232
2017-12-08,11064
2017-12-09,9278
2017-12-10,9841
2017-12-11,11873
2017-12-12,13218
2017-12-13,11448
2017-12-14,12244
2017-12-15,10761
2017-12-16,8474
2017-12-17,9126
2017-12-18,10413
2017-12-19,10082
2017-12-20,9697
2017-12-21,10110
2017-12-22,8831
2017-12-23,7580
2017-12-24,7485
2017-12-25,8001
2017-12-26,9072
2017-12-27,10220
2017-12-28,11056
2017-12-29,11449
2017-12-30,8982
2017-12-31,8010
2018-01-01,7952
2018-01-02,10336
2018-01-03,12135
2018-01-04,11003
2018-01-05,10184
2018-01-06,8625
2018-01-07,9109
2018-01-08,10343
2018-01-09,11761
2018-01-10,13413
2018-01-11,11835
2018-01-12,10768
2018-01-13,8973
2018-01-14,8879
2018-01-15,10329
2018-01-16,11662
2018-01-17,12311
2018-01-18,14768
2018-01-19,12162
2018-01-20,9222
2018-01-21,9749
2018-01-22,11528
2018-01-23,11953
2018-01-24,11997
2018-01-25,11743
2018-01-26,10434
2018-01-27,8643
2018-01-28,9823
2018-01-29,12243
2018-01-30,12247
2018-01-31,11866
2018-02-01,12112
2018-02-02,12265
2018-02-03,9415
2018-02-04,10580
2018-02-05,11504
2018-02-06,12399
2018-02-07,14499
2018-02-08,11138
2018-02-09,10189
2018-02-10,8545
2018-02-11,9597
2018-02-12,11106
2018-02-13,10532
2018-02-14,10164
2018-02-15,10511
2018-02-16,9958
2018-02-17,8618
2018-02-18,9606
2018-02-19,11020
2018-02-20,11550
2018-02-21,11584
2018-02-22,11933
2018-02-23,10885
2018-02-24,10014
2018-02-25,10904
2018-02-26,12654
2018-02-27,12821
2018-02-28,12112
2018-03-01,11355
2018-03-02,10231
2018-03-03,8979
2018-03-04,9248
2018-03-05,11729
2018-03-06,12327
2018-03-07,12114
2018-03-08,11172
2018-03-09,10572
2018-03-10,9436
2018-03-11,10285
2018-03-12,12880
2018-03-13,12843
2018-03-14,12774
2018-03-15,13584
2018-03-16,10685
2018-03-17,8752
2018-03-18,9854
2018-03-19,11428
2018-03-20,13726
2018-03-21,12358
2018-03-22,11917
2018-03-23,10671
2018-03-24,9302
2018-03-25,10154
2018-03-26,11334
2018-03-27,11931
2018-03-28,11732
2018-03-29,11257
2018-03-30,9797
2018-03-31,8399
2018-04-01,10929
2018-04-02,11024
2018-04-03,11772
2018-04-04,11567
2018-04-05,11075
2018-04-06,10378
2018-04-07,8562
2018-04-08,10098
2018-04-09,11845
2018-04-10,11660
2018-04-11,11594
2018-04-12,11222
2018-04-13,10078
2018-04-14,8510
2018-04-15,9105
2018-04-16,11083
2018-04-17,11268
2018-04-18,10971
2018-04-19,10511
2018-04-20,10079
2018-04-21,8125
2018-04-22,9128
2018-04-23,12008
2018-04-24,11749
2018-04-25,11504
2018-04-26,10812
2018-04-27,11115
2018-04-28,7242
2018-04-29,8320
2018-04-30,10366
2018-05-01,10689
2018-05-02,11820
2018-05-03,10967
2018-05-04,11128
2018-05-05,8991
2018-05-06,9941
2018-05-07,11872
2018-05-08,11637
2018-05-09,13656
2018-05-10,11646
2018-05-11,10423
2018-05-12,8739
2018-05-13,8823
2018-05-14,11294
2018-05-15,10511
2018-05-16,10864
2018-05-17,10506
2018-05-18,9806
2018-05-19,8036
2018-05-20,8456
2018-05-21,10498
2018-05-22,10451
2018-05-23,10099
2018-05-24,10369
2018-05-25,9242
2018-05-26,7436
2018-05-27,8321
2018-05-28,9036
2018-05-29,10156
2018-05-30,10178
2018-05-31,10087
2018-06-01,8931
2018-06-02,7941
2018-06-03,8473
2018-06-04,12077
2018-06-05,12661
2018-06-06,11728
2018-06-07,11254
2018-06-08,9739
2018-06-09,8193
2018-06-10,8566
2018-06-11,10467
2018-06-12,10261
2018-06-13,10539
2018-06-14,9962
2018-06-15,8670
2018-06-16,9554
2018-06-17,7664
2018-06-18,9564
2018-06-19,9982
2018-06-20,9980
2018-06-21,10052
2018-06-22,8556
2018-06-23,7998
2018-06-24,8087
2018-06-25,9516
2018-06-26,9799
2018-06-27,9745
2018-06-28,9627
2018-06-29,9308
2018-06-30,7654
2018-07-01,7905
2018-07-02,8998
2018-07-03,9344
2018-07-04,9460
2018-07-05,11063
2018-07-06,9143
2018-07-07,8066
2018-07-08,8828
2018-07-09,9747
2018-07-10,9722
2018-07-11,10058
2018-07-12,10345
2018-07-13,9097
2018-07-14,8104
2018-07-15,8400
2018-07-16,9442
2018-07-17,10603
2018-07-18,11072
2018-07-19,10547
2018-07-20,10196
2018-07-21,8161
2018-07-22,8500
2018-07-23,10285
2018-07-24,10129
2018-07-25,10193
2018-07-26,12168
2018-07-27,9966
2018-07-28,9180
2018-07-29,9009
2018-07-30,10414
2018-07-31,12615
2018-08-01,14846
2018-08-02,38123
2018-08-03,40853
2018-08-04,22114
2018-08-05,17306
2018-08-06,16581
2018-08-07,15831
2018-08-08,14915
2018-08-09,13810
2018-08-10,12369
2018-08-11,10603
2018-08-12,10930
2018-08-13,12427
2018-08-14,12661
2018-08-15,12066
2018-08-16,12796
2018-08-17,11901
2018-08-18,10333
2018-08-19,11341
2018-08-20,12528
2018-08-21,11553
2018-08-22,15443
2018-08-23,11796
2018-08-24,11544
2018-08-25,9837
2018-08-26,10523
2018-08-27,12052
2018-08-28,12847
2018-08-29,12523
2018-08-30,12499
2018-08-31,11624
2018-09-01,9842
2018-09-02,10352
2018-09-03,11413
2018-09-04,19070
2018-09-05,14835
2018-09-06,15039
2018-09-07,12118
2018-09-08,10912
2018-09-09,13755
2018-09-10,15339
2018-09-11,16050
2018-09-12,25778
2018-09-13,25450
2018-09-14,17034
2018-09-15,13476
2018-09-16,14004
2018-09-17,18247
2018-09-18,17606
2018-09-19,16921
2018-09-20,17844
2018-09-21,16218
2018-09-22,14790
2018-09-23,13848
2018-09-24,15715
2018-09-25,33805
2018-09-26,20366
2018-09-27,26320
2018-09-28,32635
2018-09-29,11979
2018-09-30,13312
2018-10-01,15994
2018-10-02,16234
2018-10-03,14086
2018-10-04,14576
2018-10-05,13847
2018-10-06,11258
2018-10-07,11467
2018-10-08,13679
2018-10-09,15132
2018-10-10,13986
2018-10-11,15104
2018-10-12,13552
2018-10-13,12183
2018-10-14,11685
2018-10-15,14223
2018-10-16,16541
2018-10-17,14897
2018-10-18,13712
2018-10-19,13812
2018-10-20,10593
2018-10-21,11152
2018-10-22,14792
2018-10-23,16751
2018-10-24,15267
2018-10-25,15854
2018-10-26,12854
2018-10-27,10784
2018-10-28,12273
2018-10-29,14722
2018-10-30,17066
2018-10-31,15880
2018-11-01,15239
2018-11-02,15340
2018-11-03,12236
2018-11-04,13199
2018-11-05,14879
2018-11-06,14986
2018-11-07,15877
2018-11-08,17679
2018-11-09,14376
2018-11-10,11237
2018-11-11,13098
2018-11-12,15953
2018-11-13,17073
2018-11-14,16079
2018-11-15,17023
2018-11-16,14394
2018-11-17,11584
2018-11-18,12215
2018-11-19,14679
2018-11-20,18539
2018-11-21,14976
2018-11-22,14146
2018-11-23,12575
2018-11-24,10990
2018-11-25,13067
2018-11-26,15663
2018-11-27,16692
2018-11-28,16014
2018-11-29,17753
2018-11-30,14097
2018-12-01,11878
2018-12-02,12674
2018-12-03,14565
2018-12-04,16162
2018-12-05,16200
2018-12-06,15741
2018-12-07,12903
2018-12-08,11255
2018-12-09,11586
2018-12-10,13024
2018-12-11,13519
2018-12-12,12559
2018-12-13,13616
2018-12-14,13290
2018-12-15,10705
2018-12-16,10781
2018-12-17,12341
2018-12-18,13301
2018-12-19,11656
2018-12-20,10376
2018-12-21,9666
2018-12-22,7817
2018-12-23,8817
2018-12-24,9193
2018-12-25,8623
2018-12-26,10379
2018-12-27,10031
2018-12-28,9737
2018-12-29,9890
2018-12-30,9293
2018-12-31,8725
2019-01-01,8791
2019-01-02,11699
2019-01-03,17052
2019-01-04,16130
2019-01-05,12366
2019-01-06,11547
2019-01-07,13264
2019-01-08,14768
2019-01-09,14665
2019-01-10,13839
2019-01-11,12805
2019-01-12,10439
2019-01-13,11103
2019-01-14,12748
2019-01-15,12707
2019-01-16,12761
2019-01-17,13176
2019-01-18,12619
2019-01-19,10565
2019-01-20,10648
2019-01-21,11932
2019-01-22,14589
2019-01-23,14608
2019-01-24,13235
2019-01-25,12058
2019-01-26,8970
2019-01-27,10685
2019-01-28,13157
2019-01-29,14769
2019-01-30,14327
2019-01-31,12875
2019-02-01,10812
2019-02-02,9542
2019-02-03,10253
2019-02-04,12431
2019-02-05,13304
2019-02-06,13671
2019-02-07,12681
2019-02-08,11645
2019-02-09,9160
2019-02-10,9407
2019-02-11,11853
2019-02-12,12208
2019-02-13,11716
2019-02-14,12333
2019-02-15,10315
2019-02-16,9555
2019-02-17,9876
2019-02-18,11299
2019-02-19,12374
2019-02-20,12593
2019-02-21,12570
2019-02-22,11620
2019-02-23,10039
2019-02-24,11383
2019-02-25,12834
2019-02-26,12129
2019-02-27,10871
2019-02-28,10487
2019-03-01,9692
2019-03-02,8269
2019-03-03,9530
2019-03-04,11118
2019-03-05,11788
2019-03-06,11890
2019-03-07,12976
2019-03-08,11777
2019-03-09,9277
2019-03-10,10731
2019-03-11,12514
2019-03-12,13756
2019-03-13,13332
2019-03-14,12742
2019-03-15,10583
2019-03-16,10062
2019-03-17,10516
2019-03-18,12121
2019-03-19,12254
2019-03-20,12432
2019-03-21,11954
2019-03-22,10357
2019-03-23,9388
2019-03-24,10711
2019-03-25,15440
2019-03-26,14769
2019-03-27,13705
2019-03-28,12958
2019-03-29,12738
2019-03-30,9841
2019-03-31,10245
2019-04-01,14709
2019-04-02,12694
2019-04-03,12702
2019-04-04,11756
2019-04-05,10551
2019-04-06,9234
2019-04-07,9396
2019-04-08,11669
2019-04-09,11967
2019-04-10,10870
2019-04-11,10449
2019-04-12,9864
2019-04-13,8272
2019-04-14,8514
2019-04-15,10293
2019-04-16,10194
2019-04-17,11019
2019-04-18,9794
2019-04-19,8713
2019-04-20,7876
2019-04-21,7964
2019-04-22,9766
2019-04-23,10204
2019-04-24,11134
2019-04-25,10773
2019-04-26,9158
2019-04-27,7765
2019-04-28,8522
2019-04-29,10533
2019-04-30,10493
2019-05-01,11288
2019-05-02,10018
2019-05-03,9384
2019-05-04,7847
2019-05-05,9114
2019-05-06,11575
2019-05-07,10464
2019-05-08,10820
2019-05-09,10164
2019-05-10,9932
2019-05-11,7916
2019-05-12,7960
2019-05-13,10364
2019-05-14,10866
2019-05-15,10574
2019-05-16,11187
2019-05-17,9499
2019-05-18,7744
2019-05-19,8106
2019-05-20,12112
2019-05-21,12313
2019-05-22,13492
2019-05-23,11485
2019-05-24,10162
2019-05-25,9690
2019-05-26,8512
2019-05-27,9660
2019-05-28,10396
2019-05-29,10504
2019-05-30,10741
2019-05-31,8987
2019-06-01,8305
2019-06-02,8582
2019-06-03,12622
2019-06-04,12666
2019-06-05,11727
2019-06-06,10958
2019-06-07,11003
2019-06-08,8803
2019-06-09,10182
2019-06-10,11101
2019-06-11,11991
2019-06-12,11470
2019-06-13,10609
2019-06-14,8590
2019-06-15,8128
2019-06-16,7850
2019-06-17,9521
2019-06-18,9557
2019-06-19,9615
2019-06-20,9423
2019-06-21,8685
2019-06-22,7575
2019-06-23,7671
2019-06-24,9606
2019-06-25,9587
2019-06-26,10303
2019-06-27,10819
2019-06-28,11946
2019-06-29,9408
2019-06-30,8926
2019-07-01,10206
2019-07-02,10460
2019-07-03,10020
2019-07-04,9515
2019-07-05,8419
2019-07-06,8652
2019-07-07,9014
2019-07-08,10401
2019-07-09,10082
2019-07-10,10042
2019-07-11,10038
2019-07-12,10618
2019-07-13,9292
2019-07-14,9050
2019-07-15,11106
2019-07-16,11264
2019-07-17,10527
2019-07-18,9796
2019-07-19,8994
2019-07-20,8055
2019-07-21,8537
2019-07-22,10186
2019-07-23,11422
2019-07-24,10898
2019-07-25,10238
2019-07-26,11257
2019-07-27,10280
2019-07-28,8686
2019-07-29,10151
2019-07-30,11522
2019-07-31,11266
2019-08-01,10240
2019-08-02,10587
2019-08-03,8621
2019-08-04,8451
2019-08-05,9532
2019-08-06,10841
2019-08-07,10888
2019-08-08,11076
2019-08-09,10458
2019-08-10,8396
2019-08-11,8814
2019-08-12,10878
2019-08-13,11008
2019-08-14,10835
2019-08-15,10705
2019-08-16,10189
2019-08-17,8900
2019-08-18,8924
2019-08-19,10944
2019-08-20,13696
2019-08-21,11588
2019-08-22,11912
2019-08-23,10849
2019-08-24,9582
2019-08-25,10527
2019-08-26,11377
2019-08-27,11841
2019-08-28,12287
2019-08-29,12644
2019-08-30,11187
2019-08-31,10199
2019-09-01,9166
2019-09-02,10300
2019-09-03,11119
2019-09-04,11466
2019-09-05,11845
2019-09-06,10756
2019-09-07,9099
2019-09-08,10065
2019-09-09,13182
2019-09-10,23638
2019-09-11,24105
2019-09-12,18838
2019-09-13,17619
2019-09-14,12893
2019-09-15,12448
2019-09-16,16236
2019-09-17,15828
2019-09-18,15531
2019-09-19,15765
2019-09-20,15042
2019-09-21,13175
2019-09-22,13131
2019-09-23,16116
2019-09-24,17075
2019-09-25,15755
2019-09-26,15711
2019-09-27,18156
2019-09-28,11692
2019-09-29,12047
2019-09-30,14653
2019-10-01,17745
2019-10-02,14415
2019-10-03,14614
2019-10-04,13077
2019-10-05,12030
2019-10-06,11252
2019-10-07,13601
2019-10-08,14112
2019-10-09,14952
2019-10-10,13810
2019-10-11,12984
2019-10-12,10648
2019-10-13,11746
2019-10-14,13508
2019-10-15,14683
2019-10-16,13484
2019-10-17,13073
2019-10-18,12366
2019-10-19,10620
2019-10-20,11333
2019-10-21,13080
2019-10-22,12604
2019-10-23,13457
2019-10-24,13098
2019-10-25,13081
2019-10-26,10581
2019-10-27,10147
2019-10-28,12710
2019-10-29,13730
2019-10-30,12862
2019-10-31,12949
2019-11-01,12956
2019-11-02,13499
2019-11-03,12584
2019-11-04,13774
2019-11-05,13663
2019-11-06,13692
2019-11-07,13619
2019-11-08,12248
2019-11-09,11035
2019-11-10,11254
2019-11-11,13335
2019-11-12,15353
2019-11-13,16079
2019-11-14,23045
2019-11-15,13769
2019-11-16,10611
2019-11-17,10859
2019-11-18,12940
2019-11-19,13408
2019-11-20,14416
2019-11-21,13920
2019-11-22,12901
2019-11-23,11352
2019-11-24,11112
2019-11-25,12627
2019-11-26,12072
2019-11-27,11971
2019-11-28,11718
2019-11-29,11371
2019-11-30,10122
2019-12-01,10789
2019-12-02,14416
2019-12-03,13550
2019-12-04,14316
2019-12-05,14783
2019-12-06,13747
2019-12-07,10147
2019-12-08,10697
2019-12-09,12816
2019-12-10,12291
2019-12-11,12644
2019-12-12,12616
2019-12-13,11191
2019-12-14,9553
2019-12-15,10737
2019-12-16,11381
2019-12-17,12138
2019-12-18,12283
2019-12-19,10052
2019-12-20,10353
2019-12-21,9144
2019-12-22,10917
2019-12-23,10405
2019-12-24,8526
2019-12-25,8979
2019-12-26,9675
2019-12-27,9774
2019-12-28,9522
2019-12-29,8985
2019-12-30,9977
2019-12-31,8462
2020-01-01,8118
2020-01-02,10572
2020-01-03,11168
2020-01-04,9920
2020-01-05,9827
2020-01-06,11205
2020-01-07,11458
2020-01-08,10805
2020-01-09,11854
2020-01-10,16606
2020-01-11,9033
2020-01-12,9984
2020-01-13,11560
2020-01-14,11698
2020-01-15,12113
2020-01-16,13007
2020-01-17,11670
2020-01-18,10058
2020-01-19,11088
2020-01-20,12094
2020-01-21,12430
2020-01-22,11991
2020-01-23,11704
2020-01-24,11388
2020-01-25,9574
2020-01-26,9643
2020-01-27,11845
2020-01-28,13017
2020-01-29,13264
2020-01-30,12256
2020-01-31,11555
2020-02-01,9162
2020-02-02,12428
2020-02-03,11824
2020-02-04,14349
2020-02-05,14779
2020-02-06,12782
2020-02-07,12463
2020-02-08,10471
2020-02-09,11288
2020-02-10,13183
2020-02-11,14238
2020-02-12,13546
2020-02-13,12886
2020-02-14,10959
2020-02-15,10355
2020-02-16,10436
2020-02-17,12052
2020-02-18,13518
2020-02-19,12588
2020-02-20,12311
2020-02-21,11899
2020-02-22,10468
2020-02-23,10889
2020-02-24,26450
2020-02-25,12900
2020-02-26,13376
2020-02-27,12976
2020-02-28,12372
2020-02-29,9999
2020-03-01,9749
2020-03-02,12813
2020-03-03,12742
2020-03-04,11714
2020-03-05,11945
2020-03-06,11010
2020-03-07,9094
2020-03-08,9539
2020-03-09,10986
2020-03-10,11081
2020-03-11,10325
2020-03-12,10692
2020-03-13,9789
2020-03-14,9635
2020-03-15,9190
2020-03-16,10048
2020-03-17,11554
2020-03-18,12340
2020-03-19,11345
2020-03-20,11379
2020-03-21,9336
2020-03-22,9792
2020-03-23,11133
2020-03-24,12278
2020-03-25,11303
2020-03-26,11416
2020-03-27,11701
2020-03-28,11049
2020-03-29,11497
2020-03-30,12105
2020-03-31,12916
2020-04-01,15454
2020-04-02,13601
2020-04-03,12831
2020-04-04,12416
2020-04-05,11998
2020-04-06,13466
2020-04-07,12359
2020-04-08,12726
2020-04-09,13784
2020-04-10,14063
2020-04-11,11932
2020-04-12,11539
2020-04-13,13261
2020-04-14,14619
2020-04-15,16383
2020-04-16,17272
2020-04-17,16604
2020-04-18,13696
2020-04-19,15258
2020-04-20,15155
2020-04-21,15686
2020-04-22,16721
2020-04-23,15887
2020-04-24,14258
2020-04-25,16874
2020-04-26,14065
2020-04-27,15519
2020-04-28,17405
2020-04-29,18521
2020-04-30,14426
2020-05-01,15204
2020-05-02,11812
2020-05-03,14066
2020-05-04,13024
2020-05-05,16334
2020-05-06,15973
2020-05-07,15092
2020-05-08,14081
2020-05-09,14292
2020-05-10,13130
2020-05-11,15082
2020-05-12,16206
2020-05-13,17216
2020-05-14,16134
2020-05-15,14944
2020-05-16,13020
2020-05-17,13125
2020-05-18,13530
2020-05-19,14765
2020-05-20,13661
2020-05-21,13943
2020-05-22,13383
2020-05-23,11914
2020-05-24,12280
2020-05-25,12354
2020-05-26,14530
2020-05-27,17283
2020-05-28,14023
2020-05-29,14771
2020-05-30,11841
2020-05-31,14007
2020-06-01,13378
2020-06-02,12717
2020-06-03,12083
2020-06-04,11369
2020-06-05,10891
2020-06-06,10334
2020-06-07,10808
2020-06-08,11428
2020-06-09,11530
2020-06-10,12413
2020-06-11,12643
2020-06-12,11526
2020-06-13,9687
2020-06-14,10490
2020-06-15,11477
2020-06-16,12736
2020-06-17,14383
2020-06-18,19148
2020-06-19,17303
2020-06-20,14612
2020-06-21,14138
2020-06-22,18695
2020-06-23,19930
2020-06-24,14343
2020-06-25,13629
2020-06-26,13042
2020-06-27,12400
2020-06-28,11883
2020-06-29,13833
2020-06-30,16354
2020-07-01,15845
2020-07-02,14214
2020-07-03,12222
2020-07-04,10526
2020-07-05,9576
2020-07-06,12657
2020-07-07,12342
2020-07-08,10748
2020-07-09,11741
2020-07-10,12121
2020-07-11,9822
2020-07-12,10840
2020-07-13,11686
2020-07-14,11264
2020-07-15,13159
2020-07-16,11918
2020-07-17,11518
2020-07-18,9616
2020-07-19,10622
2020-07-20,11811
2020-07-21,14015
2020-07-22,11133
2020-07-23,14225
2020-07-24,11821
2020-07-25,11651
2020-07-26,11513
2020-07-27,10102
2020-07-28,10182
2020-07-29,13367
2020-07-30,12608
2020-07-31,13753
2020-08-01,10985
2020-08-02,12025
2020-08-03,12808
2020-08-04,13311
2020-08-05,13297
2020-08-06,12109
2020-08-07,12518
2020-08-08,10672
2020-08-09,9927
2020-08-10,12217
2020-08-11,14513
2020-08-12,12519
2020-08-13,13052
2020-08-14,25736
2020-08-15,17168
2020-08-16,11440
2020-08-17,12771
2020-08-18,12628
2020-08-19,19327
2020-08-20,19933
2020-08-21,15681
2020-08-22,12649
2020-08-23,12195
2020-08-24,13361
2020-08-25,12599
2020-08-26,12760
2020-08-27,13276
2020-08-28,12013
2020-08-29,10926
2020-08-30,11189
2020-08-31,13633
2020-09-01,12374
2020-09-02,13253
2020-09-03,11771
2020-09-04,11747
2020-09-05,9680
2020-09-06,10005
2020-09-07,11245
2020-09-08,12896
2020-09-09,13330
2020-09-10,12152
2020-09-11,11890
2020-09-12,10577
2020-09-13,10841
2020-09-14,13205
2020-09-15,22075
2020-09-16,19044
2020-09-17,14730
2020-09-18,14053
2020-09-19,11688
2020-09-20,11448
2020-09-21,14266
2020-09-22,13729
2020-09-23,13930
2020-09-24,12208
2020-09-25,12085
2020-09-26,9693
2020-09-27,10735
2020-09-28,11949
2020-09-29,11901
2020-09-30,10876
2020-10-01,10609
2020-10-02,10169
2020-10-03,9235
2020-10-04,8870
2020-10-05,11644
2020-10-06,11927
2020-10-07,14924
2020-10-08,14463
2020-10-09,14320
2020-10-10,12518
2020-10-11,12268
2020-10-12,15553
2020-10-13,28046
2020-10-14,26875
2020-10-15,20178
2020-10-16,18339
2020-10-17,14709
2020-10-18,14471
2020-10-19,16310
2020-10-20,16599
2020-10-21,17590
2020-10-22,16690
2020-10-23,15297
2020-10-24,12995
2020-10-25,13681
2020-10-26,15376
2020-10-27,16811
2020-10-28,16313
2020-10-29,15037
2020-10-30,15792
2020-10-31,12354
2020-11-01,12686
2020-11-02,15235
2020-11-03,14323
2020-11-04,13317
2020-11-05,13812
2020-11-06,14285
2020-11-07,11561
2020-11-08,12346
2020-11-09,15217
2020-11-10,18091
2020-11-11,17717
2020-11-12,17221
2020-11-13,15096
2020-11-14,12511
2020-11-15,13106
2020-11-16,16279
2020-11-17,16009
2020-11-18,15722
2020-11-19,15864
2020-11-20,15039
2020-11-21,13503
2020-11-22,13301
2020-11-23,15167
2020-11-24,15174
2020-11-25,14484
2020-11-26,13843
2020-11-27,13553
2020-11-28,12173
2020-11-29,12952
2020-11-30,14651
2020-12-01,15210
2020-12-02,15185
2020-12-03,14872
2020-12-04,13824
2020-12-05,12399
2020-12-06,13015
2020-12-07,15246
2020-12-08,16186
2020-12-09,16375
2020-12-10,15772
2020-12-11,14125
2020-12-12,13061
2020-12-13,13573
2020-12-14,16218
2020-12-15,15257
2020-12-16,14755
2020-12-17,14536
2020-12-18,13898
2020-12-19,13328
2020-12-20,12581
2020-12-21,13078
2020-12-22,13762
2020-12-23,14839
2020-12-24,12091
2020-12-25,11573
2020-12-26,12495
2020-12-27,12318
2020-12-28,13398
2020-12-29,14227
2020-12-30,13665
2020-12-31,11424
2021-01-01,11369
2021-01-02,12601
2021-01-03,14104
2021-01-04,15349
2021-01-05,14916
2021-01-06,15145
2021-01-07,15132
2021-01-08,16352
2021-01-09,14871
2021-01-10,17800
2021-01-11,17354
2021-01-12,17364
2021-01-13,16326
2021-01-14,15700
2021-01-15,12699
2021-01-16,10639
2021-01-17,11305
2021-01-18,11379
2021-01-19,11258
2021-01-20,11639
2021-01-21,12440
2021-01-22,13851
2021-01-23,10546
2021-01-24,10606
2021-01-25,11410
2021-01-26,11845
2021-01-27,12338
2021-01-28,13402
2021-01-29,11854
2021-01-30,10387
2021-01-31,10602
2021-02-01,11746
2021-02-02,12079
2021-02-03,13260
2021-02-04,11992
2021-02-05,11348
2021-02-06,9689
2021-02-07,9990
2021-02-08,11145
2021-02-09,12598
2021-02-10,11493
2021-02-11,10904
2021-02-12,10561
2021-02-13,9250
2021-02-14,8973
2021-02-15,10225
2021-02-16,11270
2021-02-17,10648
2021-02-18,11755
2021-02-19,10556
2021-02-20,9380
2021-02-21,9813
2021-02-22,10759
2021-02-23,11967
2021-02-24,12480
2021-02-25,13369
2021-02-26,12104
2021-02-27,10249
2021-02-28,10999
2021-03-01,11840
2021-03-02,12354
2021-03-03,11580
2021-03-04,11813
2021-03-05,10840
2021-03-06,9398
2021-03-07,9722
2021-03-08,10953
2021-03-09,11871
2021-03-10,11396
2021-03-11,11912
2021-03-12,10305
2021-03-13,9502
2021-03-14,9811
2021-03-15,11013
2021-03-16,11549
2021-03-17,11479
2021-03-18,11504
2021-03-19,11233
2021-03-20,9071
2021-03-21,9724
2021-03-22,11528
2021-03-23,11741
2021-03-24,11581
2021-03-25,11438
2021-03-26,10851
2021-03-27,9435
2021-03-28,9179
2021-03-29,9990
2021-03-30,11664
2021-03-31,10687
2021-04-01,12600
2021-04-02,11072
2021-04-03,9644
2021-04-04,10231
2021-04-05,11534
2021-04-06,12174
2021-04-07,11448
2021-04-08,11926
2021-04-09,10215
2021-04-10,9893
2021-04-11,10110
2021-04-12,11060
2021-04-13,11783
2021-04-14,11177
2021-04-15,11153
2021-04-16,10034
2021-04-17,9505
2021-04-18,9738
2021-04-19,11202
2021-04-20,14783
2021-04-21,14994
2021-04-22,12936
2021-04-23,11083
2021-04-24,9614
2021-04-25,10040
2021-04-26,11993
2021-04-27,13100
2021-04-28,12232
2021-04-29,12527
2021-04-30,11507
2021-05-01,9766
2021-05-02,9580
2021-05-03,11919
2021-05-04,14454
2021-05-05,12120
2021-05-06,12483
2021-05-07,10563
2021-05-08,9837
2021-05-09,9640
2021-05-10,11332
2021-05-11,12341
2021-05-12,10651
2021-05-13,10903
2021-05-14,10040
2021-05-15,8833
2021-05-16,9628
2021-05-17,11175
2021-05-18,12414
2021-05-19,10944
2021-05-20,11944
2021-05-21,10642
2021-05-22,9464
2021-05-23,9366
2021-05-24,10261
2021-05-25,11478
2021-05-26,11164
2021-05-27,10991
2021-05-28,9666
2021-05-29,8867
2021-05-30,8930
2021-05-31,9281
2021-06-01,10588
2021-06-02,10216
2021-06-03,10839
2021-06-04,9373
2021-06-05,8510
2021-06-06,9237
2021-06-07,11543
2021-06-08,12728
2021-06-09,10689
2021-06-10,11315
2021-06-11,9787
2021-06-12,9067
2021-06-13,8935
2021-06-14,9504
2021-06-15,9746
2021-06-16,10047
2021-06-17,10765
2021-06-18,9946
2021-06-19,8193
2021-06-20,8018
2021-06-21,8974
2021-06-22,10070
2021-06-23,10351
2021-06-24,10791
2021-06-25,9329
2021-06-26,8047
2021-06-27,9007
2021-06-28,9196
2021-06-29,10373
2021-06-30,9526
2021-07-01,14816
2021-07-02,13139
2021-07-03,12007
2021-07-04,12324
2021-07-05,13739
2021-07-06,15275
2021-07-07,14305
2021-07-08,15121
2021-07-09,14168
2021-07-10,12329
2021-07-11,11884
2021-07-12,12983
2021-07-13,12903
2021-07-14,12556
2021-07-15,14521
2021-07-16,15402
2021-07-17,13232
2021-07-18,13900
2021-07-19,15621
2021-07-20,16725
2021-07-21,14942
2021-07-22,15554
2021-07-23,13566
2021-07-24,11984
2021-07-25,12221
2021-07-26,13635
2021-07-27,15127
2021-07-28,12800
2021-07-29,11331
2021-07-30,10920
2021-07-31,10470
2021-08-01,10359
2021-08-02,11240
2021-08-03,12569
2021-08-04,11587
2021-08-05,11638
2021-08-06,10307
2021-08-07,9890
2021-08-08,9493
2021-08-09,10785
2021-08-10,11352
2021-08-11,10447
2021-08-12,11320
2021-08-13,10189
2021-08-14,9423
2021-08-15,9272
2021-08-16,10194
2021-08-17,11395
2021-08-18,10920
2021-08-19,11939
2021-08-20,10715
2021-08-21,9561
2021-08-22,9553
2021-08-23,11217
2021-08-24,12434
2021-08-25,12742
2021-08-26,12076
2021-08-27,11268
2021-08-28,10567
2021-08-29,10527
2021-08-30,11905
2021-08-31,12342
2021-09-01,11878
2021-09-02,12240
2021-09-03,10581
2021-09-04,9923
2021-09-05,10174
2021-09-06,11655
2021-09-07,13452
2021-09-08,12973
2021-09-09,13254
2021-09-10,12180
2021-09-11,10813
2021-09-12,11182
2021-09-13,13856
2021-09-14,30348
2021-09-15,27617
2021-09-16,18979
2021-09-17,16842
2021-09-18,13399
2021-09-19,13156
2021-09-20,14603
2021-09-21,15983
2021-09-22,15141
2021-09-23,15232
2021-09-24,14279
2021-09-25,11925
2021-09-26,12644
2021-09-27,15916
2021-09-28,14846
2021-09-29,13585
2021-09-30,14085
2021-10-01,12221
2021-10-02,11084
2021-10-03,11794
2021-10-04,15038
2021-10-05,17003
2021-10-06,14741
2021-10-07,15214
2021-10-08,13038
2021-10-09,11478
2021-10-10,11474
2021-10-11,12603
2021-10-12,13667
2021-10-13,13369
2021-10-14,13400
2021-10-15,11306
2021-10-16,11908
2021-10-17,11381
2021-10-18,18741
2021-10-19,19636
2021-10-20,15604
2021-10-21,14843
2021-10-22,12801
2021-10-23,10906
2021-10-24,11008
2021-10-25,12846
2021-10-26,16547
2021-10-27,14767
2021-10-28,15384
2021-10-29,14902
2021-10-30,12099
2021-10-31,12020
2021-11-01,13045
2021-11-02,13358
2021-11-03,12150
2021-11-04,12188
2021-11-05,11351
2021-11-06,10284
2021-11-07,10562
2021-11-08,12788
2021-11-09,13780
2021-11-10,13018
2021-11-11,12274
2021-11-12,11071
2021-11-13,9951
2021-11-14,10980
2021-11-15,12084
2021-11-16,12227
2021-11-17,11754
2021-11-18,12478
2021-11-19,11290
2021-11-20,9435
2021-11-21,10353
2021-11-22,11679
2021-11-23,12489
2021-11-24,11786
2021-11-25,11656
2021-11-26,11590
2021-11-27,10628
2021-11-28,10835
2021-11-29,12389
2021-11-30,13401
2021-12-01,12090
2021-12-02,12446
2021-12-03,11375
2021-12-04,9828
2021-12-05,10403
2021-12-06,11931
2021-12-07,12187
2021-12-08,12173
2021-12-09,12289
2021-12-10,10607
2021-12-11,9701
2021-12-12,10183
2021-12-13,11978
2021-12-14,12261
2021-12-15,11688
2021-12-16,11749
2021-12-17,9819
2021-12-18,8958
2021-12-19,9163
2021-12-20,10153
2021-12-21,10126
2021-12-22,9866
2021-12-23,9942
2021-12-24,9142
2021-12-25,9628
2021-12-26,9675
2021-12-27,10476
2021-12-28,10820
2021-12-29,10505
2021-12-30,10647
2021-12-31,8604
2022-01-01,9081
2022-01-02,9729
2022-01-03,13251
2022-01-04,20331
2022-01-05,15944
2022-01-06,14579
